batting-hand, bowler_type, innings, way_out, batsman_runs, batsman_balls, batsman_4s, batsman_6s, batting_position, dismissed_ball, wickets_fallen, runs_scored
right, Right-arm fast-medium, 2, lbw, 5, 14, 0, 0, 7, 43, 5, 179
right, Right-arm fast, 1, caught, 49, 39, 5, 1, 9, 43.1, 9, 215
right, Right-arm offbreak, 1, caught, 2, 7, 0, 0, 8, 34.2, 6, 149
right, Left-arm medium-fast, 2, caught, 2, 4, 0, 0, 7, 43.5, 5, 231
right, Legbreak googly, 1, caught, 2, 5, 0, 0, 5, 42.4, 3, 240
right, Left-arm fast-medium, 1, caught, 21, 9, 1, 2, 6, 48.3, 5, 317
right, Right-arm medium, 1, caught, 10, 8, 1, 0, 8, 44.3, 6, 200
right, Slow left-arm orthodox, 1, caught, 21, 34, 2, 0, 7, 33.6, 5, 135
right, Right-arm fast-medium, 1, caught, 27, 13, 3, 1, 7, 49.5, 6, 270
right, Left-arm fast-medium, 2, caught, 1, 4, 0, 0, 7, 14.2, 5, 35
right, Left-arm fast-medium, 1, lbw, 10, 16, 1, 1, 1, 4.6, 0, 18
right, Right-arm fast-medium, 2, lbw, 32, 24, 5, 1, 1, 9.1, 0, 57
right, Left-arm medium-fast, 2, caught, 22, 16, 1, 2, 1, 3.6, 2, 27
right, Right-arm fast-medium, 1, caught, 47, 37, 2, 1, 7, 49.4, 7, 260
right, Right-arm offbreak, 1, lbw, 1, 2, 0, 0, 7, 38.2, 5, 145
right, Slow left-arm chinaman, 2, caught, 7, 16, 0, 0, 7, 19.3, 5, 111
right, Right-arm offbreak, 2, caught, 0, 1, 0, 0, 6, 23.6, 4, 114
right, Right-arm fast, 1, caught, 5, 6, 1, 0, 2, 2.5, 2, 12
right, Right-arm fast, 2, caught, 6, 8, 1, 0, 2, 2.5, 0, 7
right, Right-arm fast-medium, 2, caught, 42, 42, 5, 1, 2, 18.4, 1, 83
right, Right-arm offbreak, 2, stumped, 58, 65, 6, 1, 2, 24.3, 1, 161
right, Right-arm medium, 2, bowled, 77, 43, 5, 6, 2, 15.6, 1, 118
right, Right-arm fast-medium, 2, caught, 36, 27, 5, 1, 2, 8.1, 0, 52
right, Right-arm fast-medium, 1, caught, 17, 11, 2, 1, 2, 2.6, 0, 19
right, Left-arm fast-medium, 2, caught, 1, 5, 0, 0, 2, 2.2, 0, 7
right, Right-arm medium-fast, 2, caught, 22, 24, 2, 1, 2, 8, 1, 54
right, Right-arm fast-medium, 1, caught, 14, 21, 3, 0, 2, 8.1, 0, 47
right, Left-arm medium-fast, 1, caught, 12, 15, 1, 1, 2, 7.2, 0, 31
right, Right-arm fast, 1, caught, 1, 2, 0, 0, 2, 2.1, 0, 9
right, Right-arm fast-medium, 2, caught, 18, 14, 3, 0, 2, 5.3, 0, 34
right, Right-arm medium-fast, 1, caught, 26, 50, 3, 0, 1, 14.2, 0, 68
right, Right-arm medium-fast, 2, caught, 41, 28, 6, 1, 2, 10.3, 1, 96
right, Right-arm fast, 2, lbw, 0, 2, 0, 0, 1, 0.2, 0, 0
right, Right-arm medium, 2, caught, 43, 75, 3, 0, 1, 27.1, 2, 104
right, Right-arm fast-medium, 2, caught, 36, 27, 3, 1, 9, 46.2, 8, 262
right, Slow left-arm orthodox, 1, bowled, 33, 55, 0, 0, 1, 22.6, 2, 86
right, Right-arm fast-medium, 2, bowled, 2, 2, 0, 0, 1, 0.2, 0, 2
right, Right-arm medium, 2, caught, 0, 5, 0, 0, 2, 1.5, 0, 0
right, Left-arm fast-medium, 1, lbw, 77, 95, 7, 2, 2, 33.4, 2, 155
right, Right-arm medium, 2, bowled, 2, 8, 0, 0, 2, 2.2, 0, 9
right, Right-arm fast, 2, bowled, 14, 52, 1, 0, 1, 18.2, 3, 37
right, Left-arm medium-fast, 1, lbw, 3, 9, 0, 0, 1, 2.2, 1, 4
right, Right-arm offbreak, 1, caught, 44, 68, 3, 2, 1, 23.1, 2, 92
right, Right-arm medium, 1, caught, 46, 72, 5, 0, 1, 21.5, 1, 128
right, Right-arm fast-medium, 2, caught, 48, 39, 4, 3, 1, 12.3, 0, 84
right, Left-arm fast, 2, caught, 17, 16, 1, 1, 1, 4.3, 0, 22
right, Right-arm fast-medium, 1, caught, 0, 14, 0, 0, 1, 3.2, 0, 5
right, Right-arm fast-medium, 2, bowled, 21, 27, 4, 0, 1, 7.4, 0, 30
right, Right-arm fast-medium, 1, bowled, 131, 129, 14, 3, 1, 46.2, 6, 274
right, Right-arm offbreak, 1, caught, 76, 78, 6, 3, 1, 26.3, 2, 138
right, Right-arm fast-medium, 2, bowled, 9, 6, 1, 0, 1, 1.2, 0, 9
right, Right-arm fast, 2, bowled, 19, 18, 1, 2, 1, 5.3, 0, 37
right, Left-arm fast-medium, 2, bowled, 45, 43, 7, 0, 1, 14.6, 1, 90
right, Left-arm fast, 2, caught, 24, 16, 3, 2, 1, 4.5, 0, 27
right, Left-arm fast-medium, 1, bowled, 23, 25, 3, 0, 1, 7.2, 1, 45
right, Right-arm offbreak, 1, caught, 61, 75, 3, 4, 1, 24.3, 3, 130
right, Right-arm fast-medium, 1, caught, 1, 13, 0, 0, 1, 4.1, 0, 21
right, Slow left-arm orthodox, 2, bowled, 61, 45, 7, 2, 1, 14.2, 2, 85
right, Right-arm fast-medium, 2, caught, 21, 20, 2, 0, 1, 6.2, 1, 32
right, Right-arm fast, 2, caught, 4, 5, 0, 0, 1, 1.2, 0, 8
right, Left-arm fast-medium, 1, caught, 0, 1, 0, 0, 2, 0.2, 0, 2
right, Right-arm offbreak, 1, caught, 42, 42, 8, 1, 2, 13.2, 2, 91
right, Left-arm medium-fast, 1, lbw, 14, 10, 3, 0, 2, 3.3, 1, 14
right, Left-arm fast, 1, caught, 37, 39, 3, 0, 7, 32.2, 5, 141
right, Legbreak googly, 2, caught, 9, 18, 0, 0, 5, 29.3, 3, 131
right, Left-arm medium-fast, 1, caught, 12, 13, 1, 1, 2, 3.4, 0, 18
right, Right-arm fast, 1, caught, 16, 12, 3, 0, 2, 3.4, 0, 20
right, Right-arm fast, 1, bowled, 6, 3, 0, 1, 2, 0.4, 0, 8
right, Right-arm medium, 1, caught, 101, 109, 12, 2, 2, 36.4, 2, 185
right, Right-arm medium, 2, caught, 14, 16, 2, 0, 2, 6.2, 0, 29
right, Slow left-arm orthodox, 1, caught, 4, 4, 0, 0, 2, 2.1, 0, 5
right, Slow left-arm orthodox, 1, bowled, 13, 21, 1, 1, 2, 7.1, 0, 32
right, Right-arm medium-fast, 2, caught, 87, 99, 3, 4, 3, 37.5, 1, 206
right, Right-arm fast-medium, 1, caught, 18, 19, 3, 0, 3, 7.1, 2, 41
right, Right-arm fast-medium, 1, lbw, 3, 3, 0, 0, 3, 1.2, 1, 4
right, Right-arm offbreak, 1, caught, 20, 18, 1, 1, 4, 38.3, 2, 246
right, Right-arm fast-medium, 1, caught, 119, 88, 7, 5, 4, 50, 7, 373
right, Right-arm fast-medium, 1, caught, 56, 67, 2, 2, 3, 29.6, 2, 137
right, Left-arm fast-medium, 1, caught, 85, 96, 11, 2, 3, 34.1, 3, 175
right, Right-arm fast, 1, caught, 47, 59, 6, 0, 3, 21.2, 2, 74
right, Right-arm fast, 2, caught, 10, 18, 1, 0, 3, 7.2, 1, 50
right, Right-arm offbreak, 2, caught, 33, 34, 7, 0, 3, 11.5, 1, 64
right, Right-arm medium, 1, lbw, 13, 25, 0, 0, 3, 10.3, 1, 31
right, Slow left-arm orthodox, 1, caught, 30, 44, 2, 1, 3, 20.1, 3, 73
right, Right-arm fast-medium, 2, lbw, 26, 40, 2, 1, 5, 17.1, 3, 73
right, Right-arm fast, 1, bowled, 17, 10, 2, 1, 5, 36.5, 3, 188
right, Right-arm medium-fast, 1, caught, 13, 25, 1, 0, 5, 21.5, 3, 68
right, Right-arm fast-medium, 1, caught, 74, 36, 9, 4, 6, 44.5, 4, 243
right, Right-arm offbreak, 1, caught, 79, 68, 6, 5, 6, 43.5, 9, 185
right, Right-arm fast-medium, 2, caught, 5, 12, 0, 0, 6, 40.3, 4, 185
right, Right-arm offbreak, 2, caught, 6, 12, 1, 0, 6, 19.5, 4, 111
right, Right-arm fast, 2, bowled, 18, 49, 1, 0, 6, 29.6, 6, 115
right, Right-arm medium, 2, caught, 8, 17, 0, 0, 5, 11.4, 3, 48
right, Right-arm fast, 2, caught, 0, 1, 0, 0, 6, 23.4, 4, 121
right, Right-arm medium-fast, 1, lbw, 51, 57, 5, 1, 5, 30.1, 7, 104
right, Right-arm offbreak, 1, caught, 33, 11, 3, 3, 3, 4.5, 1, 56
right, Right-arm offbreak, 1, caught, 14, 9, 1, 1, 5, 44.2, 3, 232
right, Slow left-arm orthodox, 2, caught, 6, 14, 0, 0, 5, 14.2, 4, 65
right, Right-arm medium, 1, caught, 30, 25, 4, 0, 5, 41.4, 4, 213
right, Right-arm fast-medium, 1, caught, 0, 1, 0, 0, 6, 39.2, 4, 250
right, Right-arm fast, 1, caught, 0, 3, 0, 0, 6, 38.5, 4, 230
right, Right-arm medium, 1, caught, 23, 18, 1, 1, 5, 43.5, 3, 243
right, Right-arm fast, 1, caught, 16, 21, 0, 2, 4, 15.4, 3, 68
right, Legbreak googly, 2, lbw, 12, 25, 0, 0, 5, 24.1, 5, 90
right, Right-arm offbreak, 2, stumped, 51, 22, 6, 3, 2, 6.4, 1, 63
right, Legbreak, 1, caught, 117, 99, 12, 5, 2, 30.1, 2, 158
right, Right-arm medium, 1, caught, 28, 22, 2, 2, 2, 7.1, 0, 40
right, Right-arm fast-medium, 2, caught, 11, 11, 2, 0, 2, 4.5, 0, 24
right, Right-arm fast-medium, 1, lbw, 25, 37, 5, 0, 2, 10.5, 1, 51
right, Right-arm fast-medium, 1, caught, 0, 2, 0, 0, 2, 1.2, 0, 0
right, Right-arm medium-fast, 2, caught, 17, 12, 4, 0, 2, 3.1, 0, 31
right, Legbreak googly, 1, bowled, 31, 27, 5, 1, 2, 7.5, 0, 43
right, Slow left-arm orthodox, 1, caught, 65, 49, 10, 1, 2, 15.5, 0, 111
right, Right-arm fast-medium, 2, caught, 15, 12, 3, 0, 2, 6.6, 1, 48
right, Right-arm fast-medium, 2, bowled, 77, 25, 8, 7, 2, 7.1, 0, 105
right, Right-arm fast, 2, caught, 50, 24, 7, 3, 2, 7.4, 1, 78
right, Right-arm offbreak, 2, bowled, 42, 19, 6, 1, 2, 5.5, 0, 53
right, Slow left-arm orthodox, 2, caught, 8, 8, 1, 0, 2, 4.1, 0, 27
right, Right-arm fast, 1, caught, 12, 8, 1, 1, 2, 4.2, 0, 27
right, Right-arm fast, 2, caught, 59, 26, 8, 4, 2, 6.1, 0, 71
right, Left-arm fast, 1, bowled, 0, 3, 0, 0, 2, 0.5, 0, 1
right, Right-arm fast-medium, 2, bowled, 10, 4, 2, 0, 2, 0.6, 0, 11
right, Right-arm fast, 1, caught, 39, 22, 5, 2, 2, 7.2, 0, 61
right, Right-arm fast, 2, lbw, 11, 9, 2, 0, 2, 6.3, 1, 36
right, Right-arm fast, 1, caught, 35, 31, 2, 1, 2, 13.1, 0, 88
right, Right-arm fast-medium, 1, bowled, 6, 4, 0, 1, 2, 0.6, 0, 7
right, Slow left-arm orthodox, 2, caught, 55, 25, 11, 1, 2, 10.1, 0, 108
right, Left-arm fast, 2, caught, 0, 1, 0, 0, 2, 1.1, 0, 6
right, Left-arm fast-medium, 1, bowled, 44, 29, 5, 3, 2, 10.5, 0, 79
right, Right-arm fast-medium, 1, bowled, 28, 12, 2, 3, 2, 4.2, 0, 35
right, Right-arm medium, 1, caught, 47, 27, 6, 3, 2, 9.3, 0, 84
right, Slow left-arm orthodox, 1, caught, 14, 9, 1, 1, 7, 48.3, 5, 241
right, Left-arm fast-medium, 1, caught, 21, 13, 0, 2, 6, 43.3, 4, 220
right, Right-arm medium-fast, 2, caught, 3, 4, 0, 0, 6, 33.2, 4, 171
right, Right-arm offbreak, 1, caught, 14, 25, 1, 0, 6, 38.2, 5, 159
right, Left-arm fast-medium, 2, caught, 2, 3, 0, 0, 6, 30.1, 4, 169
right, Left-arm fast-medium, 1, bowled, 1, 2, 0, 0, 7, 43.1, 5, 213
right, Right-arm fast-medium, 1, caught, 0, 2, 0, 0, 6, 46.2, 5, 249
right, Right-arm fast-medium, 1, caught, 14, 9, 2, 0, 6, 21.3, 5, 159
right, Slow left-arm orthodox, 2, bowled, 0, 1, 0, 0, 7, 18.2, 6, 112
right, Legbreak, 2, caught, 75, 65, 5, 3, 7, 43.2, 8, 216
right, Left-arm fast-medium, 2, bowled, 42, 37, 4, 0, 7, 38.1, 5, 195
right, Right-arm fast, 1, caught, 49, 36, 3, 1, 7, 48.3, 5, 295
right, Right-arm fast-medium, 1, bowled, 4, 8, 0, 0, 7, 43.2, 6, 195
right, Left-arm fast-medium, 1, caught, 71, 43, 6, 4, 7, 49.4, 6, 312
right, Right-arm fast, 2, caught, 5, 9, 0, 0, 7, 42.3, 5, 174
right, Right-arm medium-fast, 2, caught, 12, 17, 1, 0, 6, 42.6, 5, 211
right, Right-arm medium-fast, 2, caught, 0, 1, 0, 0, 6, 21.2, 4, 81
right, Right-arm fast-medium, 1, caught, 99, 84, 7, 4, 6, 49.3, 5, 300
right, Right-arm medium-fast, 1, caught, 9, 5, 1, 0, 4, 17.4, 2, 136
right, Right-arm medium, 2, caught, 4, 6, 1, 0, 7, 17.1, 5, 55
right, Slow left-arm orthodox, 2, caught, 2, 9, 0, 0, 6, 22.4, 4, 85
right, Right-arm offbreak, 1, bowled, 42, 58, 3, 0, 6, 47.2, 7, 202
right, Right-arm fast-medium, 1, lbw, 11, 24, 0, 0, 6, 39.3, 5, 164
right, Right-arm fast-medium, 2, bowled, 21, 21, 1, 1, 6, 23.4, 4, 159
right, Right-arm fast-medium, 1, bowled, 7, 14, 0, 0, 7, 31.4, 5, 132
right, Slow left-arm orthodox, 1, caught, 15, 22, 0, 1, 7, 42.4, 5, 203
right, Legbreak, 2, caught, 23, 23, 2, 0, 7, 27.3, 5, 126
right, Right-arm fast-medium, 2, caught, 67, 78, 7, 0, 7, 45.2, 6, 193
right, Right-arm offbreak, 2, caught, 17, 22, 3, 0, 7, 24.1, 5, 98
right, Right-arm medium, 2, caught, 10, 12, 1, 0, 7, 21.2, 5, 92
right, Right-arm medium-fast, 1, caught, 3, 7, 0, 0, 7, 28.1, 5, 108
right, Right-arm fast-medium, 1, caught, 24, 14, 4, 0, 7, 48.4, 5, 297
right, Right-arm fast, 2, caught, 65, 52, 6, 1, 7, 45.5, 6, 238
right, Left-arm fast-medium, 1, caught, 129, 77, 13, 5, 6, 47.3, 6, 379
right, Left-arm fast-medium, 2, caught, 41, 38, 4, 1, 6, 32.1, 4, 259
right, Right-arm medium-fast, 1, caught, 13, 10, 2, 0, 6, 36.2, 4, 227
right, Right-arm fast, 2, caught, 4, 10, 0, 0, 6, 36.1, 5, 194
right, Right-arm offbreak, 2, lbw, 0, 3, 0, 0, 6, 26.2, 4, 142
right, Left-arm fast, 1, bowled, 11, 10, 1, 0, 5, 47.5, 3, 270
right, Right-arm fast-medium, 1, caught, 105, 76, 11, 5, 4, 42.2, 4, 317
right, Right-arm fast, 1, caught, 0, 1, 0, 0, 4, 26.5, 2, 162
right, Right-arm fast-medium, 1, caught, 1, 6, 0, 0, 6, 22.2, 4, 100
right, Right-arm fast, 1, bowled, 0, 1, 0, 0, 6, 27.6, 4, 156
right, Legbreak, 2, caught, 93, 99, 6, 1, 6, 42.3, 6, 220
right, Left-arm medium-fast, 1, bowled, 70, 45, 7, 1, 6, 47.1, 4, 291
right, Slow left-arm orthodox, 1, caught, 63, 38, 3, 4, 6, 49.4, 6, 308
right, Right-arm fast, 2, lbw, 57, 57, 7, 0, 6, 27.1, 6, 123
right, Right-arm fast-medium, 2, bowled, 25, 26, 3, 0, 6, 40.4, 4, 227
right, Right-arm medium-fast, 1, caught, 31, 36, 1, 2, 5, 37.5, 3, 220
right, Right-arm offbreak, 2, stumped, 10, 9, 1, 0, 6, 31.2, 4, 206
right, Right-arm medium-fast, 1, caught, 11, 15, 1, 0, 5, 37.6, 3, 212
right, Right-arm offbreak, 1, caught, 14, 19, 0, 0, 5, 25.6, 3, 129
right, Legbreak, 2, caught, 0, 7, 0, 0, 6, 23.2, 4, 117
right, Right-arm medium-fast, 1, bowled, 7, 5, 0, 1, 4, 37.4, 2, 232
right, Right-arm fast-medium, 1, caught, 7, 7, 1, 0, 6, 34.1, 4, 198
right, Right-arm fast, 1, caught, 4, 4, 1, 0, 6, 4.5, 4, 20
right, Left-arm fast, 1, caught, 4, 7, 0, 0, 6, 34.1, 4, 148
right, Right-arm fast-medium, 1, bowled, 2, 4, 0, 0, 6, 32.3, 4, 210
right, Right-arm medium, 2, caught, 4, 10, 0, 0, 6, 47.5, 4, 302
right, Left-arm fast, 2, caught, 42, 32, 5, 0, 6, 37.1, 4, 225
right, Right-arm fast-medium, 1, caught, 0, 2, 0, 0, 6, 6.2, 4, 8
right, Right-arm medium-fast, 1, caught, 21, 25, 1, 1, 6, 34.6, 4, 192
right, Legbreak, 1, caught, 29, 23, 3, 1, 6, 42.5, 5, 184
right, Legbreak, 1, caught, 0, 2, 0, 0, 4, 38.2, 2, 267
left, Right-arm fast-medium, 2, bowled, 0, 2, 0, 0, 1, 0.2, 0, 0
left, Legbreak, 2, caught, 51, 76, 3, 1, 2, 25.4, 3, 104
left, Right-arm fast-medium, 2, caught, 3, 4, 0, 0, 2, 2.1, 0, 8
left, Right-arm medium-fast, 2, caught, 4, 15, 0, 0, 2, 7.3, 0, 26
left, Right-arm fast, 1, caught, 11, 26, 1, 0, 1, 6.6, 1, 21
left, Right-arm offbreak, 1, caught, 114, 94, 12, 1, 2, 37.3, 2, 227
left, Left-arm fast, 2, caught, 48, 41, 5, 0, 2, 14.3, 1, 78
left, Legbreak, 2, stumped, 68, 92, 6, 1, 2, 31.5, 1, 142
left, Right-arm medium, 1, caught, 31, 24, 2, 1, 2, 8.2, 1, 50
left, Right-arm fast, 1, caught, 11, 10, 2, 0, 2, 4.2, 0, 25
left, Slow left-arm orthodox, 2, caught, 24, 42, 3, 0, 2, 14.3, 1, 52
left, Right-arm fast, 1, caught, 69, 77, 8, 2, 2, 23.1, 0, 123
left, Right-arm medium, 1, caught, 15, 16, 2, 0, 2, 6.2, 0, 27
left, Right-arm fast-medium, 2, caught, 16, 35, 2, 0, 2, 8.4, 0, 23
left, Right-arm fast-medium, 2, caught, 17, 21, 3, 0, 2, 6.3, 0, 26
left, Right-arm offbreak, 1, bowled, 116, 127, 11, 2, 2, 43.3, 5, 237
left, Right-arm fast-medium, 2, caught, 35, 32, 5, 0, 2, 14.1, 1, 67
left, Right-arm fast-medium, 2, caught, 41, 38, 6, 1, 2, 10.3, 1, 55
left, Left-arm fast-medium, 2, caught, 7, 15, 1, 0, 1, 6.2, 0, 26
left, Left-arm fast-medium, 2, caught, 95, 86, 14, 0, 2, 26.1, 0, 176
left, Right-arm fast-medium, 1, caught, 8, 6, 2, 0, 2, 1.6, 0, 14
left, Left-arm fast-medium, 2, bowled, 100, 102, 11, 0, 2, 35.6, 1, 234
left, Slow left-arm orthodox, 1, lbw, 60, 57, 9, 0, 2, 18.6, 0, 112
left, Right-arm medium-fast, 2, caught, 5, 6, 1, 0, 2, 3.2, 0, 17
left, Slow left-arm orthodox, 1, lbw, 35, 37, 5, 0, 2, 13.2, 1, 69
left, Right-arm medium-fast, 2, caught, 119, 95, 20, 0, 2, 37.2, 3, 218
left, Right-arm fast, 2, caught, 12, 13, 3, 0, 2, 5.1, 0, 14
left, Right-arm fast, 2, caught, 0, 2, 0, 0, 2, 2.2, 0, 10
left, Left-arm medium-fast, 2, caught, 32, 46, 3, 0, 2, 18.1, 1, 73
left, Right-arm medium-fast, 2, bowled, 12, 22, 2, 0, 1, 7.4, 0, 22
left, Left-arm medium-fast, 2, caught, 28, 25, 4, 1, 2, 9.2, 0, 64
left, Right-arm fast-medium, 2, caught, 9, 28, 1, 0, 2, 9.5, 1, 20
left, Slow left-arm orthodox, 2, lbw, 28, 44, 5, 0, 2, 11.2, 0, 50
left, Right-arm offbreak, 1, bowled, 94, 114, 7, 1, 2, 39.3, 3, 196
left, Right-arm offbreak, 1, lbw, 10, 13, 2, 0, 2, 2.6, 0, 18
left, Right-arm offbreak, 2, bowled, 60, 78, 4, 1, 2, 24.3, 1, 123
left, Right-arm fast-medium, 1, caught, 11, 22, 2, 0, 2, 7.1, 0, 19
left, Right-arm fast-medium, 2, caught, 16, 23, 1, 0, 2, 7.2, 0, 35
left, Right-arm offbreak, 2, bowled, 31, 44, 4, 1, 2, 13.6, 2, 49
left, Right-arm offbreak, 2, bowled, 68, 92, 9, 0, 2, 28.4, 5, 134
left, Right-arm fast, 1, bowled, 1, 9, 0, 0, 2, 1.4, 0, 4
left, Right-arm fast, 1, caught, 35, 35, 6, 1, 2, 11.3, 0, 70
left, Right-arm offbreak, 1, bowled, 113, 107, 14, 3, 2, 34.6, 0, 231
left, Legbreak, 2, caught, 79, 80, 7, 1, 2, 26.4, 1, 140
left, Right-arm fast-medium, 2, caught, 91, 79, 8, 1, 2, 33.6, 2, 201
left, Left-arm fast, 1, caught, 2, 4, 0, 0, 2, 0.5, 0, 3
left, Right-arm fast-medium, 1, caught, 1, 5, 0, 0, 2, 2.1, 0, 1
left, Left-arm fast, 1, caught, 8, 13, 0, 0, 2, 6.1, 0, 24
left, Right-arm fast-medium, 1, caught, 38, 65, 4, 0, 2, 20.1, 0, 83
left, Left-arm medium-fast, 1, caught, 137, 146, 16, 2, 2, 43.4, 2, 261
left, Right-arm medium, 2, caught, 14, 17, 3, 0, 2, 6.3, 0, 29
left, Right-arm fast, 2, caught, 9, 14, 1, 0, 2, 4.1, 0, 11
left, Right-arm medium-fast, 2, caught, 100, 85, 11, 5, 2, 27.4, 1, 190
left, Right-arm fast-medium, 2, bowled, 4, 20, 1, 0, 2, 6.5, 1, 21
left, Slow left-arm orthodox, 1, stumped, 30, 50, 3, 0, 2, 16.3, 0, 75
left, Right-arm fast-medium, 2, caught, 45, 41, 6, 1, 2, 12.5, 0, 76
left, Right-arm fast, 2, caught, 30, 38, 3, 0, 2, 15.6, 0, 95
left, Right-arm offbreak, 1, caught, 53, 60, 7, 0, 2, 20.5, 2, 109
left, Right-arm fast-medium, 1, caught, 75, 73, 10, 0, 2, 26.5, 2, 158
left, Right-arm fast, 2, lbw, 23, 28, 5, 0, 2, 7.3, 0, 42
left, Right-arm fast, 1, caught, 23, 34, 4, 0, 2, 12.3, 1, 59
left, Right-arm fast, 2, caught, 13, 29, 2, 0, 2, 10.4, 0, 41
left, Right-arm fast, 1, caught, 7, 15, 0, 0, 2, 7.5, 1, 35
left, Right-arm fast, 2, caught, 60, 59, 8, 0, 2, 22.3, 2, 156
left, Right-arm fast-medium, 1, caught, 9, 22, 1, 0, 2, 6.4, 0, 36
left, Left-arm fast-medium, 1, caught, 6, 4, 1, 0, 2, 2.2, 0, 9
left, Right-arm fast-medium, 1, bowled, 68, 91, 9, 0, 2, 26.5, 1, 134
left, Right-arm fast-medium, 2, caught, 126, 113, 14, 2, 2, 37.3, 1, 277
left, Right-arm fast-medium, 2, caught, 78, 56, 7, 3, 2, 18.2, 0, 123
left, Left-arm fast-medium, 2, caught, 1, 10, 0, 0, 2, 3.6, 0, 13
left, Right-arm fast-medium, 1, bowled, 11, 15, 2, 0, 2, 4.4, 2, 25
left, Legbreak, 1, caught, 68, 65, 6, 1, 2, 24.3, 0, 136
left, Right-arm fast, 1, caught, 125, 128, 15, 1, 2, 44.1, 3, 261
left, Legbreak googly, 2, caught, 78, 83, 12, 1, 2, 30.1, 1, 151
left, Right-arm fast-medium, 2, caught, 46, 34, 7, 1, 2, 14.4, 0, 87
left, Left-arm fast, 2, caught, 21, 22, 4, 0, 2, 8.6, 2, 33
left, Legbreak, 1, lbw, 87, 92, 8, 2, 2, 31.5, 1, 168
left, Right-arm offbreak, 1, stumped, 63, 59, 10, 0, 2, 18.2, 0, 114
left, Right-arm fast-medium, 1, caught, 2, 6, 0, 0, 2, 2.4, 0, 11
left, Right-arm fast-medium, 2, caught, 5, 7, 0, 0, 2, 2.1, 0, 10
left, Right-arm fast-medium, 2, caught, 4, 3, 1, 0, 2, 0.6, 0, 5
left, Slow left-arm orthodox, 2, caught, 49, 50, 6, 1, 2, 16.3, 1, 113
left, Right-arm fast, 2, bowled, 5, 3, 1, 0, 2, 2.1, 0, 9
left, Left-arm medium-fast, 1, caught, 4, 6, 1, 0, 2, 1.3, 0, 6
left, Left-arm fast-medium, 1, caught, 9, 12, 1, 0, 2, 3.2, 0, 16
left, Right-arm fast, 2, caught, 68, 84, 5, 2, 2, 29.2, 2, 145
left, Right-arm medium-fast, 1, caught, 14, 20, 3, 0, 2, 6.1, 0, 29
left, Right-arm medium, 1, lbw, 0, 6, 0, 0, 2, 1.6, 0, 0
left, Slow left-arm orthodox, 1, caught, 68, 67, 9, 0, 2, 21.1, 0, 115
left, Right-arm offbreak, 1, caught, 76, 63, 12, 0, 2, 23.1, 1, 140
left, Right-arm fast, 1, caught, 109, 105, 10, 2, 2, 35.3, 2, 206
left, Right-arm fast, 1, caught, 34, 23, 8, 0, 1, 7.2, 0, 48
left, Right-arm fast, 2, caught, 18, 34, 2, 0, 1, 12.4, 1, 80
right, Right-arm medium-fast, 2, caught, 43, 39, 4, 1, 3, 19.2, 2, 138
right, Left-arm fast-medium, 2, bowled, 13, 33, 1, 1, 2, 10.2, 1, 25
right, Left-arm fast-medium, 2, caught, 8, 14, 1, 0, 2, 4.2, 0, 21
right, Left-arm fast-medium, 2, caught, 6, 16, 1, 0, 1, 4.5, 0, 12
right, Left-arm fast, 1, caught, 45, 70, 4, 1, 2, 17.5, 0, 69
right, Right-arm offbreak, 2, caught, 64, 70, 5, 0, 3, 23.3, 5, 132
right, Slow left-arm orthodox, 2, lbw, 1, 4, 0, 0, 4, 25.3, 2, 182
right, Right-arm fast-medium, 1, caught, 25, 49, 0, 0, 4, 36.5, 4, 175
right, Right-arm fast-medium, 2, caught, 3, 13, 0, 0, 3, 4.1, 1, 5
right, Slow left-arm orthodox, 1, caught, 22, 42, 3, 0, 3, 14.6, 3, 51
right, Left-arm medium-fast, 1, caught, 21, 26, 4, 0, 3, 12.6, 1, 58
right, Right-arm fast, 1, bowled, 66, 76, 3, 1, 3, 47.6, 6, 284
right, Right-arm fast-medium, 2, caught, 53, 55, 7, 1, 2, 18.4, 1, 113
right, Right-arm fast-medium, 2, caught, 11, 10, 1, 1, 3, 9.1, 1, 43
right, Right-arm offbreak, 1, caught, 40, 64, 3, 0, 3, 22.2, 2, 77
right, Right-arm fast-medium, 2, bowled, 4, 9, 0, 0, 3, 9.2, 1, 34
right, Right-arm fast-medium, 1, caught, 62, 70, 5, 2, 3, 23.6, 1, 147
right, Right-arm offbreak, 1, caught, 8, 21, 0, 0, 3, 16.3, 1, 88
right, Right-arm medium-fast, 1, caught, 2, 8, 0, 0, 3, 6.3, 1, 19
right, Right-arm fast, 2, bowled, 32, 29, 4, 1, 3, 9.1, 1, 52
right, Slow left-arm orthodox, 2, caught, 91, 91, 9, 3, 3, 35, 4, 195
right, Right-arm medium, 2, caught, 9, 30, 1, 0, 3, 20.5, 2, 106
right, Right-arm fast-medium, 2, caught, 18, 34, 2, 1, 3, 16.3, 4, 89
right, Left-arm fast, 1, caught, 21, 28, 4, 0, 3, 10.4, 2, 55
right, Right-arm fast-medium, 1, caught, 30, 22, 5, 0, 2, 7.4, 0, 63
right, Right-arm medium, 1, caught, 11, 6, 2, 0, 2, 2.3, 0, 15
right, Right-arm fast, 1, caught, 0, 1, 0, 0, 2, 0.2, 0, 2
right, Right-arm medium, 2, lbw, 0, 1, 0, 0, 2, 0.2, 0, 1
right, Right-arm offbreak, 2, caught, 30, 37, 6, 0, 1, 9.6, 1, 46
right, Right-arm offbreak, 1, caught, 70, 102, 3, 1, 1, 36.4, 3, 161
right, Left-arm medium-fast, 1, caught, 30, 25, 5, 0, 1, 8.4, 0, 62
right, Right-arm medium, 1, caught, 0, 4, 0, 0, 1, 0.4, 0, 0
right, Left-arm fast, 2, caught, 39, 39, 4, 2, 1, 14.5, 2, 80
right, Left-arm fast, 1, caught, 21, 17, 3, 1, 1, 6.4, 0, 40
right, Right-arm fast, 2, caught, 65, 70, 9, 0, 1, 23.6, 2, 112
right, Right-arm fast-medium, 1, caught, 44, 75, 3, 1, 1, 24.5, 1, 141
right, Right-arm fast-medium, 1, bowled, 10, 25, 2, 0, 1, 8.5, 1, 40
right, Legbreak googly, 1, bowled, 57, 86, 6, 0, 1, 28.5, 2, 112
right, Right-arm medium, 1, caught, 17, 29, 3, 0, 1, 9.5, 0, 53
right, Right-arm fast-medium, 2, lbw, 13, 23, 1, 0, 1, 7.1, 1, 33
right, Right-arm fast, 1, caught, 1, 14, 0, 0, 1, 5.6, 1, 16
right, Right-arm fast, 1, bowled, 39, 65, 3, 0, 1, 21.3, 2, 84
right, Right-arm medium, 2, caught, 74, 97, 5, 2, 2, 29.3, 0, 153
right, Right-arm offbreak, 2, bowled, 105, 121, 9, 0, 2, 42.1, 3, 222
right, Right-arm fast-medium, 1, bowled, 70, 66, 9, 0, 2, 24.4, 3, 130
right, Slow left-arm orthodox, 1, stumped, 85, 69, 7, 5, 2, 22, 1, 154
right, Left-arm fast-medium, 1, caught, 7, 17, 1, 0, 2, 6.4, 0, 25
right, Right-arm fast-medium, 1, caught, 58, 73, 8, 0, 2, 24.6, 1, 131
right, Left-arm fast-medium, 1, caught, 7, 13, 1, 0, 2, 4.5, 0, 13
right, Right-arm fast, 1, caught, 1, 6, 0, 0, 2, 1.1, 0, 3
right, Right-arm offbreak, 2, caught, 51, 81, 5, 0, 2, 25.5, 2, 121
right, Right-arm fast, 1, lbw, 11, 15, 2, 0, 2, 5.1, 0, 24
right, Right-arm fast, 2, lbw, 0, 3, 0, 0, 2, 0.6, 0, 8
right, Right-arm fast-medium, 1, caught, 0, 10, 0, 0, 1, 2.4, 0, 0
right, Left-arm fast-medium, 1, caught, 5, 18, 1, 0, 1, 5.2, 0, 15
right, Right-arm offbreak, 2, bowled, 38, 36, 6, 1, 2, 9.5, 1, 70
right, Right-arm fast-medium, 2, caught, 25, 24, 4, 0, 1, 10.1, 3, 49
right, Right-arm fast-medium, 2, caught, 8, 13, 1, 0, 2, 3.6, 0, 18
right, Left-arm medium-fast, 2, bowled, 9, 12, 1, 0, 1, 3.6, 1, 14
right, Right-arm fast-medium, 1, lbw, 2, 17, 0, 0, 1, 3.6, 1, 3
right, Right-arm medium-fast, 1, caught, 1, 7, 0, 0, 1, 1.4, 0, 5
right, Right-arm medium-fast, 1, caught, 81, 119, 4, 2, 1, 41.4, 2, 203
right, Right-arm medium-fast, 2, bowled, 6, 10, 0, 0, 1, 3.1, 0, 21
right, Right-arm fast-medium, 1, caught, 8, 23, 1, 0, 1, 7.4, 1, 32
right, Right-arm offbreak, 1, caught, 44, 65, 5, 1, 1, 20.5, 1, 114
right, Slow left-arm orthodox, 1, caught, 111, 129, 12, 2, 1, 37.2, 3, 224
right, Right-arm fast-medium, 2, lbw, 35, 27, 6, 1, 1, 8.1, 1, 58
right, Right-arm fast, 1, caught, 16, 35, 2, 0, 1, 12.2, 1, 41
right, Right-arm fast-medium, 1, caught, 5, 29, 0, 0, 1, 9.2, 1, 35
right, Right-arm fast-medium, 2, caught, 11, 29, 1, 0, 1, 7.4, 0, 25
right, Left-arm fast, 2, caught, 12, 19, 1, 0, 1, 5.1, 1, 21
right, Left-arm medium-fast, 1, caught, 58, 78, 7, 0, 1, 23.6, 1, 125
right, Left-arm fast, 1, caught, 8, 9, 1, 0, 1, 2.4, 0, 20
right, Right-arm fast-medium, 2, caught, 0, 3, 0, 0, 1, 0.3, 0, 0
right, Right-arm fast-medium, 1, caught, 10, 19, 2, 0, 1, 6.4, 0, 35
right, Right-arm medium, 2, caught, 20, 27, 1, 1, 1, 7.3, 1, 41
right, Right-arm fast-medium, 1, caught, 0, 1, 0, 0, 1, 0.1, 0, 0
right, Right-arm fast-medium, 2, lbw, 0, 1, 0, 0, 1, 0.1, 0, 0
right, Left-arm fast, 2, caught, 39, 48, 7, 0, 1, 18.3, 2, 101
right, Legbreak, 1, caught, 76, 88, 8, 1, 1, 27.2, 1, 171
right, Right-arm fast-medium, 1, caught, 49, 62, 5, 0, 1, 22.2, 1, 136
right, Right-arm fast-medium, 2, caught, 17, 14, 4, 0, 1, 2.4, 0, 18
right, Right-arm fast-medium, 2, bowled, 22, 22, 3, 0, 1, 9.3, 1, 112
right, Left-arm fast, 2, caught, 11, 14, 1, 1, 1, 3.5, 0, 40
right, Slow left-arm orthodox, 2, caught, 105, 100, 11, 2, 1, 30.4, 2, 164
right, Right-arm offbreak, 1, bowled, 15, 34, 1, 1, 1, 11.2, 1, 33
right, Right-arm fast-medium, 2, caught, 22, 18, 4, 0, 1, 6.3, 1, 52
right, Right-arm fast-medium, 1, caught, 50, 54, 6, 1, 1, 17.6, 1, 114
right, Left-arm fast-medium, 2, lbw, 2, 6, 0, 0, 1, 1.2, 0, 4
right, Right-arm fast-medium, 1, caught, 53, 66, 8, 1, 1, 18.4, 1, 116
right, Right-arm fast-medium, 1, caught, 67, 73, 6, 1, 1, 29.6, 2, 150
right, Right-arm fast-medium, 1, caught, 11, 17, 2, 0, 1, 3.5, 0, 20
right, Legbreak googly, 1, caught, 42, 50, 6, 0, 1, 20.5, 1, 100
right, Right-arm medium-fast, 2, caught, 25, 23, 2, 1, 4, 27.6, 2, 148
right, Right-arm fast, 2, caught, 10, 18, 1, 0, 1, 4.4, 0, 18
right, Slow left-arm orthodox, 2, caught, 79, 56, 9, 4, 1, 16.3, 2, 164
right, Right-arm fast, 1, caught, 30, 28, 4, 1, 1, 7.3, 0, 42
right, Right-arm fast-medium, 1, lbw, 27, 14, 1, 3, 1, 4.5, 1, 45
right, Right-arm fast-medium, 1, caught, 102, 109, 9, 3, 1, 38.1, 2, 206
right, Left-arm fast, 1, caught, 11, 17, 1, 1, 1, 4.6, 0, 23
right, Legbreak, 2, caught, 82, 81, 8, 3, 1, 26.2, 1, 165
right, Right-arm medium, 1, caught, 31, 45, 4, 0, 1, 15.4, 1, 88
right, Legbreak googly, 1, caught, 59, 61, 4, 3, 1, 19.5, 2, 131
right, Right-arm medium-fast, 1, caught, 12, 11, 3, 0, 1, 1.6, 0, 14
right, Right-arm fast-medium, 1, bowled, 0, 2, 0, 0, 1, 0.2, 0, 0
right, Right-arm fast-medium, 1, lbw, 27, 21, 2, 2, 1, 6.4, 0, 46
right, Right-arm medium-fast, 1, caught, 72, 84, 12, 0, 1, 25.1, 1, 138
right, Right-arm fast-medium, 2, bowled, 0, 4, 0, 0, 1, 0.4, 0, 0
right, Legbreak googly, 2, caught, 114, 102, 10, 6, 1, 32.6, 4, 185
right, Right-arm fast, 2, caught, 45, 33, 7, 1, 1, 8.3, 1, 52
right, Right-arm offbreak, 2, caught, 34, 40, 3, 0, 1, 15.1, 2, 79
right, Left-arm fast-medium, 1, caught, 15, 19, 1, 1, 1, 5.1, 0, 31
right, Right-arm fast-medium, 1, lbw, 0, 4, 0, 0, 1, 0.4, 0, 0
right, Right-arm medium, 1, bowled, 61, 73, 8, 0, 1, 23.4, 3, 130
right, Right-arm fast, 1, bowled, 4, 16, 1, 0, 1, 4.3, 0, 17
right, Right-arm fast-medium, 1, caught, 26, 22, 5, 0, 1, 5.4, 0, 40
right, Right-arm fast-medium, 2, caught, 27, 33, 4, 0, 1, 13.3, 1, 63
right, Right-arm fast, 1, lbw, 33, 35, 4, 1, 1, 12.5, 1, 69
right, Right-arm medium-fast, 2, caught, 32, 48, 5, 0, 1, 17.2, 2, 80
right, Right-arm medium, 1, caught, 11, 9, 2, 0, 1, 2.4, 0, 20
right, Right-arm fast-medium, 2, caught, 10, 14, 1, 0, 1, 5.1, 0, 44
right, Slow left-arm orthodox, 1, caught, 48, 72, 4, 2, 1, 26.3, 1, 156
right, Legbreak, 2, caught, 31, 49, 3, 0, 1, 15.1, 1, 89
right, Left-arm medium-fast, 1, caught, 100, 126, 10, 1, 1, 41.2, 2, 213
right, Right-arm fast-medium, 2, caught, 13, 29, 2, 0, 1, 9.3, 2, 27
right, Right-arm offbreak, 1, caught, 50, 87, 7, 0, 1, 23.5, 3, 79
right, Right-arm fast-medium, 2, caught, 3, 4, 0, 0, 1, 2.1, 0, 12
right, Right-arm fast-medium, 2, caught, 0, 10, 0, 0, 1, 2.4, 1, 2
right, Legbreak, 1, caught, 47, 68, 3, 1, 1, 20.6, 4, 79
right, Right-arm medium, 1, bowled, 0, 9, 0, 0, 4, 6.5, 2, 28
right, Right-arm medium, 1, caught, 0, 2, 0, 0, 4, 10.3, 2, 47
right, Right-arm fast-medium, 2, bowled, 13, 27, 1, 0, 6, 15.5, 4, 41
right, Right-arm fast-medium, 2, caught, 108, 132, 6, 2, 5, 49.3, 9, 232
right, Right-arm fast, 2, caught, 0, 6, 0, 0, 5, 5.4, 3, 16
right, Slow left-arm orthodox, 2, caught, 25, 51, 0, 0, 3, 25.1, 2, 113
right, Right-arm medium-fast, 1, bowled, 29, 46, 4, 0, 3, 16.1, 1, 64
right, Right-arm medium-fast, 1, lbw, 21, 50, 1, 0, 3, 15.2, 3, 49
right, Left-arm fast, 2, bowled, 42, 63, 1, 0, 5, 36.2, 4, 179
right, Right-arm offbreak, 1, caught, 15, 36, 1, 0, 5, 20.3, 4, 79
right, Right-arm offbreak, 2, stumped, 5, 8, 0, 0, 5, 19.2, 3, 88
right, Right-arm fast, 1, lbw, 22, 16, 3, 0, 6, 43.3, 4, 192
right, Right-arm fast-medium, 1, caught, 35, 53, 4, 0, 4, 16.3, 2, 92
right, Right-arm offbreak, 1, caught, 4, 8, 0, 0, 5, 41, 3, 261
right, Right-arm fast-medium, 1, lbw, 38, 40, 3, 0, 5, 42.3, 3, 276
right, Left-arm fast-medium, 1, caught, 55, 69, 4, 0, 4, 40.6, 4, 194
right, Left-arm fast-medium, 1, caught, 13, 18, 0, 0, 4, 32.3, 2, 163
right, Right-arm medium-fast, 1, caught, 24, 52, 1, 0, 4, 23.4, 4, 71
right, Right-arm fast-medium, 2, lbw, 58, 65, 4, 1, 4, 36.5, 4, 195
right, Right-arm offbreak, 1, bowled, 9, 17, 1, 0, 4, 18.3, 2, 97
right, Right-arm offbreak, 2, lbw, 3, 12, 0, 0, 5, 13.4, 3, 75
right, Right-arm offbreak, 2, caught, 69, 84, 5, 1, 5, 45.4, 6, 208
right, Legbreak, 1, caught, 5, 6, 0, 0, 7, 26.6, 5, 117
right, Legbreak, 1, bowled, 21, 29, 2, 0, 5, 27.4, 4, 105
right, Left-arm fast-medium, 2, caught, 5, 15, 1, 0, 4, 7.1, 2, 21
right, Left-arm fast-medium, 1, caught, 6, 17, 1, 0, 3, 9.2, 1, 27
right, Right-arm fast-medium, 1, bowled, 33, 47, 3, 0, 3, 25.4, 2, 91
right, Right-arm fast-medium, 1, caught, 7, 12, 1, 0, 3, 6.3, 1, 11
right, Right-arm fast-medium, 2, caught, 0, 2, 0, 0, 3, 0.5, 1, 1
right, Right-arm offbreak, 1, bowled, 55, 63, 3, 0, 3, 24.4, 1, 132
right, Right-arm offbreak, 2, lbw, 19, 28, 1, 0, 3, 15.6, 2, 96
right, Right-arm fast, 2, lbw, 16, 22, 1, 0, 3, 8.6, 1, 48
right, Right-arm fast-medium, 2, caught, 67, 54, 8, 1, 3, 21.2, 5, 135
right, Right-arm medium-fast, 1, caught, 8, 22, 0, 0, 3, 11.1, 3, 32
right, Right-arm fast, 1, caught, 47, 55, 3, 0, 3, 31.4, 1, 144
right, Right-arm medium-fast, 2, lbw, 16, 21, 2, 0, 3, 8.6, 2, 45
right, Slow left-arm orthodox, 1, caught, 71, 88, 7, 0, 3, 32.6, 2, 153
right, Slow left-arm orthodox, 1, stumped, 77, 87, 5, 1, 3, 34.1, 2, 174
right, Right-arm fast-medium, 1, bowled, 65, 74, 4, 1, 3, 32.5, 1, 189
right, Right-arm fast, 1, caught, 88, 91, 8, 1, 3, 37.3, 2, 193
right, Left-arm fast, 1, caught, 10, 19, 2, 0, 3, 9.6, 1, 44
right, Slow left-arm orthodox, 2, caught, 46, 52, 6, 0, 3, 21.2, 3, 115
right, Left-arm fast, 1, bowled, 123, 105, 12, 0, 3, 49.6, 4, 299
right, Legbreak googly, 1, caught, 97, 119, 8, 0, 3, 42.1, 2, 202
right, Right-arm offbreak, 2, caught, 15, 22, 1, 0, 3, 10.1, 2, 76
right, Right-arm medium-fast, 2, bowled, 103, 107, 6, 1, 3, 43.6, 4, 230
right, Right-arm medium-fast, 1, caught, 26, 32, 4, 0, 3, 12.5, 2, 60
right, Right-arm offbreak, 2, caught, 54, 83, 4, 0, 3, 27.1, 4, 121
right, Left-arm fast, 1, caught, 112, 88, 14, 1, 3, 38.6, 2, 250
right, Legbreak, 1, caught, 57, 65, 5, 1, 3, 33.3, 2, 193
right, Right-arm medium-fast, 2, caught, 38, 45, 6, 0, 3, 17.5, 3, 106
right, Left-arm fast-medium, 2, caught, 33, 45, 4, 0, 3, 18.4, 1, 111
right, Slow left-arm orthodox, 2, caught, 1, 2, 0, 0, 3, 4.5, 1, 33
right, Right-arm fast, 1, caught, 33, 35, 5, 0, 3, 15.6, 1, 89
right, Right-arm fast, 2, bowled, 6, 11, 1, 0, 3, 8.5, 1, 81
right, Left-arm fast, 1, caught, 12, 33, 1, 0, 3, 12.2, 2, 39
right, Legbreak, 2, caught, 45, 43, 8, 0, 3, 13.5, 2, 94
right, Right-arm fast-medium, 1, caught, 93, 88, 12, 1, 3, 35.4, 2, 235
right, Left-arm fast-medium, 2, caught, 118, 113, 12, 1, 3, 38.5, 2, 242
right, Left-arm fast-medium, 1, caught, 90, 70, 12, 1, 3, 41.3, 3, 250
right, Right-arm fast-medium, 1, bowled, 50, 65, 5, 0, 3, 19.5, 1, 101
right, Right-arm fast-medium, 1, bowled, 97, 102, 11, 1, 3, 36.3, 2, 176
right, Right-arm offbreak, 1, caught, 90, 109, 8, 1, 3, 40.2, 4, 202
right, Legbreak googly, 2, caught, 47, 69, 4, 1, 3, 22.2, 1, 107
right, Slow left-arm orthodox, 2, bowled, 7, 13, 1, 0, 3, 31.3, 1, 140
right, Legbreak googly, 2, bowled, 39, 59, 4, 0, 3, 23.5, 1, 102
right, Slow left-arm orthodox, 1, caught, 59, 73, 7, 0, 3, 32.1, 4, 163
right, Right-arm fast, 1, caught, 12, 12, 1, 0, 3, 6.3, 2, 53
right, Right-arm offbreak, 1, caught, 61, 72, 7, 0, 3, 23.2, 1, 125
right, Right-arm medium-fast, 1, bowled, 10, 17, 0, 0, 3, 15.3, 2, 70
right, Legbreak, 2, stumped, 84, 86, 9, 3, 3, 28.3, 2, 180
right, Right-arm fast-medium, 1, caught, 0, 8, 0, 0, 3, 12.4, 1, 81
right, Legbreak googly, 1, caught, 60, 74, 5, 1, 3, 29.2, 3, 158
right, Right-arm fast-medium, 1, bowled, 18, 28, 1, 0, 3, 18.2, 1, 123
right, Right-arm fast-medium, 1, caught, 3, 9, 0, 0, 3, 4.6, 1, 29
right, Legbreak, 1, caught, 118, 128, 14, 1, 3, 42.4, 4, 213
right, Right-arm offbreak, 1, lbw, 22, 27, 3, 0, 3, 12.6, 1, 80
right, Legbreak, 1, caught, 41, 59, 4, 0, 3, 35.2, 2, 184
right, Slow left-arm orthodox, 2, caught, 27, 40, 4, 0, 3, 14.4, 2, 63
right, Right-arm fast-medium, 2, caught, 9, 16, 2, 0, 3, 7.5, 1, 34
right, Right-arm fast, 2, caught, 81, 80, 5, 2, 3, 39.1, 5, 232
right, Left-arm fast-medium, 2, lbw, 13, 12, 2, 0, 3, 13.6, 1, 74
right, Right-arm fast, 1, caught, 31, 36, 5, 0, 3, 14.2, 1, 79
right, Right-arm fast, 1, caught, 14, 35, 2, 0, 3, 10.5, 1, 37
right, Right-arm medium, 1, caught, 24, 34, 2, 0, 3, 13.6, 1, 87
right, Right-arm fast, 1, caught, 36, 42, 5, 0, 3, 14.5, 1, 76
right, Right-arm fast-medium, 2, bowled, 23, 40, 0, 1, 3, 14.5, 2, 48
right, Legbreak googly, 2, lbw, 21, 24, 3, 0, 3, 12.2, 1, 77
right, Right-arm fast, 2, caught, 87, 98, 8, 0, 3, 30.2, 2, 158
right, Slow left-arm chinaman, 2, caught, 6, 8, 0, 0, 3, 12.3, 1, 62
right, Right-arm fast-medium, 1, lbw, 3, 14, 0, 0, 3, 5.4, 1, 25
right, Legbreak googly, 2, caught, 64, 84, 8, 0, 3, 28.4, 2, 168
right, Right-arm medium-fast, 2, bowled, 38, 45, 5, 0, 3, 31.4, 2, 175
right, Left-arm medium-fast, 1, caught, 115, 117, 8, 1, 3, 47.2, 4, 288
right, Right-arm medium, 2, caught, 19, 28, 2, 0, 3, 9.3, 1, 47
right, Left-arm medium-fast, 1, caught, 73, 101, 7, 0, 3, 33.2, 2, 158
right, Slow left-arm orthodox, 2, caught, 32, 54, 1, 0, 3, 34.6, 4, 154
right, Right-arm medium, 1, caught, 22, 36, 0, 0, 3, 17.2, 1, 101
right, Left-arm fast-medium, 2, caught, 8, 23, 1, 0, 3, 8.5, 1, 27
right, Right-arm fast-medium, 2, caught, 45, 48, 3, 1, 3, 16.1, 2, 86
right, Right-arm fast, 1, bowled, 14, 25, 1, 0, 3, 9.4, 1, 26
left, Right-arm medium-fast, 2, caught, 51, 53, 7, 2, 1, 13.2, 1, 69
left, Right-arm fast, 2, caught, 6, 7, 1, 0, 1, 3.4, 1, 7
left, Right-arm medium, 2, caught, 1, 2, 0, 0, 1, 1.1, 0, 6
left, Left-arm fast-medium, 1, caught, 3, 14, 0, 0, 1, 2.4, 0, 4
left, Right-arm fast-medium, 1, caught, 38, 59, 6, 0, 2, 19.5, 2, 69
left, Right-arm fast-medium, 1, caught, 8, 7, 2, 0, 1, 1.3, 0, 9
left, Right-arm fast-medium, 2, bowled, 29, 59, 4, 0, 1, 19.6, 3, 93
left, Slow left-arm orthodox, 1, caught, 45, 53, 6, 0, 2, 16.5, 0, 78
left, Right-arm fast-medium, 2, caught, 11, 39, 1, 0, 1, 11.2, 0, 45
left, Right-arm fast, 1, bowled, 3, 17, 0, 0, 1, 5.4, 1, 13
left, Slow left-arm orthodox, 2, caught, 54, 73, 3, 1, 2, 30.3, 5, 129
left, Right-arm fast-medium, 1, caught, 50, 66, 4, 2, 1, 26.6, 2, 136
left, Right-arm fast-medium, 2, caught, 43, 49, 6, 1, 1, 12.6, 1, 64
left, Right-arm fast-medium, 1, caught, 13, 56, 0, 0, 1, 15.3, 1, 41
left, Slow left-arm orthodox, 1, caught, 82, 98, 9, 1, 1, 34.4, 4, 131
left, Right-arm fast-medium, 1, bowled, 0, 3, 0, 0, 1, 0.3, 0, 0
left, Right-arm medium-fast, 1, caught, 8, 31, 1, 0, 1, 9.2, 0, 34
left, Right-arm fast-medium, 2, caught, 13, 18, 2, 0, 1, 5.4, 0, 25
left, Right-arm offbreak, 1, caught, 46, 84, 4, 1, 1, 25.5, 0, 94
left, Right-arm fast-medium, 1, caught, 129, 136, 15, 1, 1, 47.3, 5, 260
left, Left-arm medium-fast, 2, bowled, 5, 5, 1, 0, 1, 1.2, 0, 9
left, Legbreak googly, 1, caught, 60, 78, 10, 0, 1, 23.5, 4, 104
left, Right-arm fast-medium, 1, caught, 10, 12, 1, 0, 1, 2.6, 2, 10
left, Right-arm fast-medium, 2, caught, 9, 14, 1, 0, 1, 5.2, 2, 16
left, Legbreak googly, 2, caught, 29, 38, 4, 0, 1, 12.2, 1, 49
left, Right-arm medium, 1, caught, 0, 5, 0, 0, 1, 0.5, 0, 0
left, Right-arm fast-medium, 2, bowled, 28, 40, 4, 0, 1, 12.4, 2, 48
left, Right-arm fast-medium, 1, caught, 55, 67, 7, 0, 1, 19.5, 2, 102
left, Left-arm fast-medium, 2, caught, 8, 15, 1, 0, 1, 4.5, 0, 10
left, Right-arm fast-medium, 1, caught, 26, 41, 3, 0, 1, 11.1, 3, 49
left, Left-arm fast, 2, caught, 21, 31, 3, 0, 1, 8.1, 1, 28
left, Left-arm fast-medium, 1, caught, 0, 1, 0, 0, 1, 0.1, 0, 0
left, Right-arm fast-medium, 2, caught, 63, 69, 5, 1, 1, 23.1, 7, 103
left, Right-arm fast-medium, 2, caught, 12, 12, 2, 0, 1, 4.1, 0, 18
left, Right-arm fast-medium, 2, lbw, 0, 2, 0, 0, 1, 0.2, 0, 0
left, Right-arm offbreak, 2, caught, 35, 39, 5, 0, 1, 12.2, 2, 49
left, Right-arm fast, 2, caught, 41, 22, 7, 1, 1, 5, 0, 46
left, Right-arm fast-medium, 1, caught, 18, 42, 4, 0, 1, 14.2, 3, 42
left, Right-arm medium, 1, caught, 13, 54, 2, 0, 1, 17.5, 2, 31
left, Right-arm fast-medium, 2, bowled, 21, 27, 3, 0, 1, 8.5, 0, 32
left, Right-arm fast-medium, 2, caught, 34, 49, 5, 0, 1, 15.1, 1, 52
left, Right-arm fast, 1, caught, 0, 1, 0, 0, 1, 0.1, 0, 0
left, Right-arm medium-fast, 2, caught, 30, 27, 5, 1, 1, 8.2, 0, 54
left, Right-arm fast-medium, 2, caught, 0, 1, 0, 0, 1, 0.1, 0, 0
left, Slow left-arm orthodox, 2, caught, 154, 138, 7, 6, 1, 44.3, 4, 279
left, Slow left-arm orthodox, 2, bowled, 4, 23, 0, 0, 1, 9.1, 0, 43
left, Right-arm fast-medium, 1, caught, 5, 11, 1, 0, 1, 3.3, 1, 5
left, Right-arm medium, 2, caught, 26, 19, 2, 1, 1, 6.1, 2, 56
left, Slow left-arm orthodox, 2, caught, 22, 26, 3, 0, 1, 6.3, 0, 33
left, Right-arm fast-medium, 1, caught, 60, 42, 10, 1, 1, 10.6, 0, 80
left, Right-arm offbreak, 1, lbw, 21, 22, 2, 1, 1, 7.4, 0, 44
left, Left-arm medium-fast, 1, caught, 17, 31, 3, 0, 1, 13.2, 2, 60
left, Slow left-arm orthodox, 2, caught, 62, 69, 10, 0, 1, 21.5, 3, 119
left, Left-arm fast-medium, 1, caught, 1, 6, 0, 0, 1, 1.5, 0, 5
left, Right-arm medium-fast, 1, bowled, 8, 6, 2, 0, 1, 1, 0, 8
left, Right-arm fast-medium, 1, bowled, 125, 120, 13, 3, 1, 42.4, 8, 214
left, Right-arm fast-medium, 1, caught, 30, 25, 4, 0, 1, 9.2, 0, 46
left, Right-arm fast-medium, 2, caught, 0, 3, 0, 0, 1, 0.3, 0, 0
left, Right-arm medium, 1, caught, 22, 12, 2, 1, 1, 2.5, 0, 35
left, Right-arm offbreak, 2, stumped, 51, 53, 5, 1, 1, 19.2, 2, 104
left, Right-arm fast-medium, 2, caught, 34, 27, 6, 0, 1, 7.5, 0, 39
left, Right-arm fast-medium, 1, caught, 5, 7, 0, 0, 1, 2.2, 1, 15
left, Slow left-arm orthodox, 2, caught, 74, 91, 6, 1, 1, 33.1, 3, 172
left, Right-arm medium-fast, 1, caught, 2, 5, 0, 0, 1, 1.2, 0, 13
left, Right-arm fast-medium, 2, lbw, 23, 32, 2, 0, 1, 10.5, 0, 44
left, Slow left-arm orthodox, 2, caught, 44, 48, 5, 2, 1, 13.6, 1, 75
left, Right-arm fast-medium, 1, lbw, 0, 6, 0, 0, 1, 0.6, 0, 0
left, Right-arm medium-fast, 2, caught, 70, 86, 3, 1, 1, 32.1, 2, 188
left, Right-arm medium, 1, caught, 44, 43, 7, 0, 1, 11.1, 2, 68
left, Right-arm fast, 1, caught, 0, 3, 0, 0, 1, 0.3, 0, 0
left, Right-arm medium-fast, 2, bowled, 38, 26, 5, 0, 1, 8.4, 0, 52
left, Left-arm fast-medium, 2, caught, 5, 14, 1, 0, 1, 3.3, 0, 14
left, Slow left-arm orthodox, 2, caught, 62, 89, 4, 1, 1, 29.6, 3, 116
left, Left-arm fast, 1, caught, 5, 7, 1, 0, 1, 1.4, 0, 9
left, Left-arm fast, 2, bowled, 32, 17, 6, 1, 1, 4.3, 0, 43
left, Left-arm fast-medium, 1, caught, 4, 18, 0, 0, 1, 5.4, 0, 7
left, Left-arm fast-medium, 1, caught, 3, 6, 0, 0, 1, 1.5, 0, 9
left, Slow left-arm orthodox, 2, lbw, 61, 53, 9, 0, 1, 20.6, 2, 122
left, Slow left-arm orthodox, 1, caught, 45, 65, 5, 0, 1, 20.2, 2, 79
left, Legbreak, 2, caught, 21, 38, 2, 0, 1, 12.1, 0, 44
left, Right-arm offbreak, 1, lbw, 0, 4, 0, 0, 1, 0.4, 0, 0
left, Right-arm offbreak, 2, bowled, 0, 1, 0, 0, 1, 0.1, 0, 0
left, Right-arm offbreak, 2, bowled, 64, 89, 6, 1, 1, 28.3, 3, 135
left, Right-arm medium, 2, caught, 70, 99, 6, 0, 1, 33.5, 2, 156
left, Right-arm fast-medium, 2, caught, 60, 68, 8, 0, 1, 23.1, 2, 81
left, Right-arm offbreak, 1, caught, 22, 30, 3, 0, 1, 12.2, 0, 57
left, Right-arm fast, 2, bowled, 1, 7, 0, 0, 1, 2.2, 2, 4
left, Right-arm fast, 2, bowled, 8, 8, 2, 0, 1, 2.2, 0, 8
left, Right-arm fast-medium, 1, caught, 6, 14, 1, 0, 1, 2.5, 0, 10
left, Right-arm fast-medium, 1, caught, 32, 70, 2, 1, 1, 21.2, 3, 84
left, Right-arm medium-fast, 1, lbw, 5, 8, 1, 0, 1, 3, 0, 13
left, Left-arm medium-fast, 1, bowled, 58, 86, 5, 1, 1, 31.4, 2, 136
left, Right-arm fast-medium, 1, caught, 0, 11, 0, 0, 1, 3.6, 0, 5
left, Right-arm medium, 2, caught, 4, 2, 1, 0, 1, 0.2, 0, 4
left, Right-arm medium-fast, 1, caught, 26, 47, 3, 0, 1, 12.1, 0, 41
left, Right-arm fast, 2, caught, 37, 50, 5, 0, 1, 16.1, 5, 57
left, Right-arm offbreak, 2, bowled, 55, 62, 9, 0, 1, 21.6, 2, 101
left, Right-arm fast-medium, 1, bowled, 5, 15, 1, 0, 1, 4.3, 0, 8
left, Right-arm medium-fast, 1, caught, 16, 34, 2, 0, 1, 10.3, 1, 31
left, Right-arm fast-medium, 2, caught, 10, 15, 2, 0, 1, 4.2, 0, 18
left, Right-arm fast-medium, 1, caught, 19, 42, 2, 0, 2, 14.3, 0, 47
left, Right-arm fast, 2, bowled, 0, 2, 0, 0, 1, 0.2, 0, 0
left, Right-arm medium-fast, 2, lbw, 95, 100, 9, 1, 1, 31.3, 2, 201
left, Right-arm fast-medium, 1, caught, 2, 7, 0, 0, 1, 2.1, 1, 8
left, Left-arm fast-medium, 1, caught, 13, 27, 2, 0, 1, 9.4, 1, 27
left, Right-arm fast-medium, 2, caught, 25, 25, 4, 0, 1, 6.3, 0, 33
left, Left-arm fast, 1, caught, 132, 135, 15, 3, 1, 41.4, 2, 245
left, Left-arm fast, 2, lbw, 64, 76, 8, 1, 1, 25.3, 0, 145
left, Right-arm offbreak, 1, caught, 60, 62, 7, 1, 1, 17.3, 1, 123
left, Right-arm medium, 2, caught, 13, 21, 3, 0, 1, 6.2, 0, 34
left, Right-arm medium, 2, lbw, 5, 8, 1, 0, 1, 1.6, 0, 8
left, Right-arm fast, 1, bowled, 0, 13, 0, 0, 1, 3.4, 0, 17
left, Right-arm fast, 2, bowled, 5, 7, 1, 0, 1, 1.1, 0, 5
left, Right-arm offbreak, 1, caught, 40, 68, 3, 2, 1, 23.2, 2, 100
left, Right-arm fast-medium, 1, caught, 19, 25, 3, 0, 1, 6.6, 0, 32
left, Legbreak googly, 1, stumped, 73, 98, 7, 1, 1, 34.2, 1, 173
left, Right-arm fast-medium, 1, caught, 80, 98, 9, 0, 1, 35.1, 2, 163
left, Right-arm fast-medium, 1, caught, 20, 36, 3, 0, 1, 10.4, 0, 45
left, Right-arm offbreak, 1, caught, 118, 118, 11, 2, 1, 38.4, 2, 212
left, Right-arm fast-medium, 2, caught, 17, 31, 2, 0, 1, 9.5, 0, 46
left, Right-arm fast-medium, 1, caught, 14, 31, 1, 0, 1, 8.4, 1, 26
left, Legbreak, 1, caught, 45, 68, 5, 0, 1, 22.5, 1, 106
left, Right-arm medium, 2, caught, 38, 59, 5, 0, 1, 17.6, 3, 81
left, Right-arm medium-fast, 2, caught, 16, 23, 3, 0, 1, 7.2, 0, 30
left, Right-arm medium, 1, caught, 59, 88, 5, 0, 1, 30.1, 3, 141
left, Right-arm fast, 1, caught, 127, 142, 15, 1, 1, 47.5, 4, 289
left, Right-arm fast-medium, 2, caught, 4, 6, 1, 0, 1, 0.6, 0, 4
left, Right-arm medium, 1, caught, 23, 42, 3, 0, 1, 15.2, 0, 72
left, Right-arm medium-fast, 2, caught, 47, 54, 6, 0, 1, 13.5, 0, 95
left, Slow left-arm orthodox, 2, caught, 65, 80, 6, 1, 1, 27, 1, 143
left, Right-arm fast, 1, caught, 128, 142, 12, 3, 1, 44.3, 2, 261
left, Left-arm fast, 1, caught, 95, 114, 6, 3, 1, 42.1, 6, 181
left, Right-arm medium-fast, 2, lbw, 0, 2, 0, 0, 1, 0.2, 0, 0
left, Right-arm offbreak, 1, bowled, 70, 82, 7, 1, 1, 27.6, 2, 154
left, Right-arm medium-fast, 2, lbw, 23, 25, 3, 0, 1, 7.4, 0, 44
left, Right-arm offbreak, 1, caught, 84, 102, 7, 2, 1, 29.1, 1, 170
left, Legbreak googly, 1, stumped, 76, 105, 6, 0, 1, 38.1, 4, 163
left, Right-arm fast-medium, 1, caught, 5, 14, 0, 0, 1, 4.5, 2, 16
left, Right-arm fast, 2, caught, 3, 18, 0, 0, 1, 5.3, 0, 11
